,balance_sheet_Accounts Payable,balance_sheet_Accounts Receivable,balance_sheet_Total Assets,balance_sheet_Inventory,balance_sheet_Total Liabilities Net Minority Interest,income_stmt_Total Revenue,income_stmt_Gross Profit,income_stmt_Net Income,income_stmt_EBIT,cashflow_Operating Cash Flow,Current Ratio_,Debt-to-Equity Ratio_,Net Profit Margin_,Operating Cash Flow Ratio_,Return on Assets_,Quick Ratio_,Bankruptcy Target_,Altman Z-Score_
2023-09-30,62257000000.0,41814000000.0,372259000000.0,24450000000.0,164726000000.0,88570000000.0,22383000000.0,9070000000.0,13868000000.0,15963000000.0,0.0,164726000000.0,0.10240487749802415,15963000000.0,0.024364756795671832,-24450000000.0,0,0.39497339218166905
2023-09-30,1201000000.0,1027000000.0,41850000000.0,427000000.0,29896000000.0,3572000000.0,1265000000.0,828000000.0,1305000000.0,1552000000.0,0.0,29896000000.0,0.23180291153415453,1552000000.0,0.01978494623655914,-427000000.0,1,0.21595459975244713
2023-09-30,1433191000000.0,3325705000000.0,27676603000000.0,2355959000000.0,14998630000000.0,4984396000000.0,1090536000000.0,253232000000.0,375214000000.0,183830000000.0,0.0,14998630000000.0,0.0508049520944965,183830000000.0,0.009149677798247133,-2355959000000.0,1,0.2376421340436869
2023-09-30,13937000000.0,2520000000.0,93941000000.0,13721000000.0,39446000000.0,23350000000.0,4178000000.0,1853000000.0,2083000000.0,3308000000.0,0.0,39446000000.0,0.0793576017130621,3308000000.0,0.019725146634589796,-13721000000.0,1,0.3493479950205864
2023-09-30,8355000000.0,14798000000.0,166061000000.0,11198000000.0,94833000000.0,21351000000.0,14745000000.0,26028000000.0,5409000000.0,7489000000.0,0.0,94833000000.0,1.2190529717577632,7489000000.0,0.1567375843816429,-11198000000.0,0,0.4554946676212395
2023-09-30,6662000000.0,4034000000.0,171674000000.0,2074000000.0,115106000000.0,7172000000.0,4422000000.0,1219000000.0,999000000.0,3664000000.0,0.0,115106000000.0,0.1699665365309537,3664000000.0,0.007100667544299079,-2074000000.0,0,0.07092104803112216
2023-09-30,1544300000.0,1184100000.0,29445500000.0,1806400000.0,37433300000.0,9373600000.0,2719200000.0,1219300000.0,1736300000.0,1945000000.0,0.0,37433300000.0,0.13007809166168816,1945000000.0,0.04140870421626394,-1806400000.0,1,0.5708991186861139
2023-09-30,312279000.0,720398000.0,4190779000.0,105374000.0,1883312000.0,912018000.0,368823000.0,-330071000.0,-349789000.0,245888000.0,0.0,1883312000.0,-0.36191281312430235,245888000.0,-0.0787612517863624,-105374000.0,1,-0.16807975315922638
2023-09-30,2942000000.0,2230000000.0,138321000000.0,3148000000.0,103017000000.0,6980000000.0,3754000000.0,1422000000.0,2349000000.0,2840000000.0,0.0,103017000000.0,0.20372492836676218,2840000000.0,0.010280434641160779,-3148000000.0,0,0.12089632087394989
2023-09-30,10693000000.0,14546000000.0,156662000000.0,17020000000.0,126830000000.0,9302000000.0,3310000000.0,352000000.0,603000000.0,1823000000.0,0.0,126830000000.0,0.03784132444635562,1823000000.0,0.0022468754388428594,-17020000000.0,0,0.07522373006562617
2023-09-30,1894000000.0,4201000000.0,87734000000.0,3024000000.0,35319000000.0,5624000000.0,3275000000.0,1129000000.0,1217000000.0,1672000000.0,0.0,35319000000.0,0.20074679943100995,1672000000.0,0.012868443248911482,-3024000000.0,0,0.1278945448775894
2023-09-30,5227888000000.0,13702717000000.0,83661391000000.0,4749878000000.0,50808623000000.0,11434786000000.0,2369936000000.0,1278056000000.0,1821933000000.0,919861000000.0,0.0,50808623000000.0,0.11176912274527918,919861000000.0,0.015276532994771747,-4749878000000.0,1,0.22993214755417812
2023-09-30,30387000000.0,50147000000.0,281705000000.0,17740000000.0,202978000000.0,44131000000.0,5356000000.0,3064000000.0,3693000000.0,6596000000.0,0.0,202978000000.0,0.0694296526251388,6596000000.0,0.010876626257964893,-17740000000.0,0,0.21514527608538264
2023-09-30,3509000000.0,10394000000.0,106727000000.0,6131000000.0,65427000000.0,15962000000.0,11698000000.0,4745000000.0,5937000000.0,7717000000.0,0.0,65427000000.0,0.29726851271770455,7717000000.0,0.0444592277493043,-6131000000.0,1,0.3953741789779413
2023-09-30,27813000000.0,57701000000.0,268073000000.0,18326000000.0,223797000000.0,43801000000.0,3800000000.0,1199000000.0,1717000000.0,4591000000.0,0.0,223797000000.0,0.027373804251044496,4591000000.0,0.004472662297210089,-18326000000.0,1,0.19079019520622628
2023-09-30,6428000000.0,7833000000.0,61296000000.0,6000000000.0,43514000000.0,9212000000.0,3542000000.0,1514000000.0,2173000000.0,1809000000.0,0.0,43514000000.0,0.1643508467216674,1809000000.0,0.024699817280083528,-6000000000.0,0,0.30185493343195624
2023-09-30,11143000000.0,3032000000.0,134281000000.0,78972000000.0,150998000000.0,18104000000.0,1165000000.0,-1636000000.0,-511000000.0,22000000.0,0.0,150998000000.0,-0.09036676977463544,22000000.0,-0.01218340643873668,-78972000000.0,0,0.10520699130430644
2023-09-30,3539000000.0,4075000000.0,181160000000.0,4118000000.0,129334000000.0,7994000000.0,3938000000.0,1252000000.0,2289000000.0,3524000000.0,0.0,129334000000.0,0.156617463097323,3524000000.0,0.006911017884742769,-4118000000.0,0,0.09549845440296106
2023-09-30,34659000000.0,8962000000.0,406698000000.0,2520000000.0,286871000000.0,30350000000.0,18296000000.0,3495000000.0,6642000000.0,10336000000.0,0.0,286871000000.0,0.11515650741350907,10336000000.0,0.00859360016523317,-2520000000.0,1,0.1405504821751044
2023-09-30,15125000000.0,10179000000.0,205579000000.0,1963000000.0,92567000000.0,21241000000.0,7513000000.0,264000000.0,1508000000.0,4802000000.0,0.0,92567000000.0,0.012428793371310202,4802000000.0,0.0012841778586334207,-1963000000.0,0,0.12932741184718538
2023-09-30,2684000000.0,2234000000.0,99259000000.0,762000000.0,73789000000.0,5980000000.0,2396000000.0,700000000.0,1204000000.0,1531000000.0,0.0,73789000000.0,0.11705685618729098,1531000000.0,0.007052257226044994,-762000000.0,1,0.11014819814432045
2023-09-30,2508000000.0,8370000000.0,97057000000.0,5404000000.0,51593000000.0,10574000000.0,4316000000.0,1715000000.0,2124000000.0,2414000000.0,0.0,51593000000.0,0.16219027804047664,2414000000.0,0.0176700289520591,-5404000000.0,0,0.20590168663701458
2023-09-30,14435000000.0,6215000000.0,122531000000.0,7117000000.0,74518000000.0,21871000000.0,11370000000.0,4521000000.0,6027000000.0,4904000000.0,0.0,74518000000.0,0.2067120844954506,4904000000.0,0.036896785303310996,-7117000000.0,0,0.3924680284971688
2023-09-30,2013000000.0,2721000000.0,18720000000.0,4849000000.0,13113000000.0,5999000000.0,2955000000.0,259000000.0,441000000.0,1105000000.0,0.0,13113000000.0,0.043173862310385065,1105000000.0,0.013835470085470085,-4849000000.0,0,0.417569444426098
2023-09-30,2245000000.0,5054000000.0,67626000000.0,4445000000.0,12656000000.0,5800000000.0,2747000000.0,299000000.0,283000000.0,421000000.0,0.0,12656000000.0,0.051551724137931035,421000000.0,0.0044213763936947325,-4445000000.0,0,0.10576553399588969
2023-09-30,3342000000.0,5330000000.0,129321000000.0,1399000000.0,106165000000.0,14752000000.0,8023000000.0,1704000000.0,2285000000.0,3056000000.0,0.0,106165000000.0,0.11550976138828634,3056000000.0,0.013176514255225369,-1399000000.0,1,0.190828249081981
2023-09-30,10315000000.0,10058000000.0,162443000000.0,12050000000.0,91197000000.0,13464000000.0,714000000.0,-984000000.0,-931000000.0,3316000000.0,0.0,91197000000.0,-0.07308377896613191,3316000000.0,-0.006057509403298388,-12050000000.0,0,0.05549084909702935
2023-09-30,16837000000.0,3495000000.0,97578000000.0,4252000000.0,69745000000.0,11953000000.0,7296000000.0,3087000000.0,3905000000.0,4300000000.0,0.0,69745000000.0,0.2582615243035221,4300000000.0,0.03163622947795609,-4252000000.0,1,0.2988511754661854
2023-09-30,207541000.0,71122000.0,7911493000.0,40177000.0,5025179000.0,2471948000.0,649843000.0,313217000.0,411796000.0,480472000.0,0.0,5025179000.0,0.12670857153953077,480472000.0,0.03959012540363747,-40177000.0,0,0.5396425933442173
2023-09-30,862400000.0,2247100000.0,52089300000.0,47600000.0,56944100000.0,6692000000.0,3864000000.0,2317000000.0,3265000000.0,3029000000.0,0.0,56944100000.0,0.34623430962343094,3029000000.0,0.04448130422178835,-47600000.0,1,0.3975922118237113
2023-09-30,282999749000.0,4531407000.0,5484556381000.0,262090072000.0,2111738274000.0,546733000000.0,296643000000.0,211000000000.0,228065000000.0,294645276000.0,0.0,2111738274000.0,0.38592878059308655,294645276000.0,0.038471662125848786,-262090072000.0,0,0.2907705544836769
2023-09-30,19307000000.0,36953000000.0,445785000000.0,3000000000.0,225071000000.0,56517000000.0,40215000000.0,22291000000.0,27809000000.0,30583000000.0,0.0,225071000000.0,0.39441230072367606,30583000000.0,0.05000392565923035,-3000000000.0,0,0.402647240261535
2023-09-30,1482000000.0,1577000000.0,16043000000.0,1931000000.0,15637000000.0,4915000000.0,2877000000.0,708000000.0,1029000000.0,1152000000.0,0.0,15637000000.0,0.14404883011190234,1152000000.0,0.04413139687090943,-1931000000.0,1,0.579810509219945
2023-09-30,1178000000.0,1068000000.0,38629000000.0,488000000.0,24617000000.0,2043000000.0,851000000.0,230000000.0,453000000.0,806000000.0,0.0,24617000000.0,0.11257953989231523,806000000.0,0.005954075953299335,-488000000.0,1,0.09992233813304824
2023-09-30,1134000000.0,237000000.0,16456000000.0,2530000000.0,5904000000.0,1337000000.0,-477000000.0,-1367000000.0,-1312000000.0,-877000000.0,0.0,5904000000.0,-1.0224382946896036,-877000000.0,-0.0830700048614487,-2530000000.0,0,-0.2981526494608435
2023-09-30,3533000000.0,3891000000.0,62927000000.0,9645000000.0,70633000000.0,9141000000.0,5976000000.0,2054000000.0,3362000000.0,3415000000.0,0.0,70633000000.0,0.22470189257192869,3415000000.0,0.03264099671047404,-9645000000.0,0,0.36727001127234005
2023-09-30,5143000000.0,5671000000.0,93651000000.0,1326000000.0,45906000000.0,14250000000.0,4617000000.0,2798000000.0,4362000000.0,5445000000.0,0.0,45906000000.0,0.19635087719298244,5445000000.0,0.029876883322121493,-1326000000.0,0,0.34769303050713857
2023-09-30,1910000000.0,161000000.0,16124000000.0,246000000.0,13383000000.0,3927000000.0,2095000000.0,359000000.0,584000000.0,941000000.0,0.0,13383000000.0,0.0914183855360326,941000000.0,0.02226494666335897,-246000000.0,1,0.3942446042869565
2023-09-30,3817000000.0,2405000000.0,56666000000.0,3312000000.0,47392000000.0,16878000000.0,2048000000.0,1684000000.0,2190000000.0,2891000000.0,0.0,47392000000.0,0.09977485484062093,2891000000.0,0.02971799668231391,-3312000000.0,0,0.4669925528450466
2023-09-30,3943019000.0,870435000.0,12248932000.0,4949382000.0,9602064000.0,2218205000.0,817567000.0,-62037000.0,-78883000.0,195965000.0,0.0,9602064000.0,-0.027967207719755388,195965000.0,-0.0050646864559293825,-4949382000.0,0,0.15275121941777403
2023-09-30,5803000000.0,41020000000.0,396711000000.0,2957000000.0,123509000000.0,76693000000.0,43464000000.0,19689000000.0,21313000000.0,30656000000.0,0.0,123509000000.0,0.25672486406842865,30656000000.0,0.04963058750576616,-2957000000.0,1,0.4400949305684168
2023-09-30,62611000000.0,29508000000.0,352583000000.0,6331000000.0,290437000000.0,89498000000.0,40427000000.0,22956000000.0,28000000000.0,21598000000.0,0.0,290437000000.0,0.25649735189613176,21598000000.0,0.06510807384360562,-6331000000.0,0,0.6070525238015683
2023-09-30,5338000000.0,11086000000.0,215021000000.0,10204000000.0,117817000000.0,13492000000.0,4223000000.0,-2382000000.0,-2657000000.0,3456000000.0,0.0,117817000000.0,-0.1765490661132523,3456000000.0,-0.011077987731430884,-10204000000.0,1,0.006460299226098969
2023-09-30,756000000.0,2266000000.0,105943000000.0,1633000000.0,77915000000.0,3810000000.0,1854000000.0,163000000.0,1029000000.0,1992000000.0,0.0,77915000000.0,0.04278215223097113,1992000000.0,0.0015385631896397119,-1633000000.0,0,0.07016886438571529
2023-09-30,23723000000.0,11970000000.0,99953000000.0,5558000000.0,80983000000.0,23453000000.0,12778000000.0,3092000000.0,4077000000.0,5611000000.0,0.0,80983000000.0,0.1318381443738541,5611000000.0,0.030934539233439716,-5558000000.0,0,0.4125528998583389
2023-09-30,8669000000.0,2843000000.0,188837000000.0,11466000000.0,83151000000.0,14158000000.0,6018000000.0,297000000.0,152000000.0,5824000000.0,0.0,83151000000.0,0.02097753920045204,5824000000.0,0.0015727849944661269,-11466000000.0,1,0.07983287173680267
2023-09-30,460100000.0,461100000.0,6723100000.0,1195300000.0,4353900000.0,1633000000.0,1070100000.0,146900000.0,175500000.0,72900000.0,0.0,4353900000.0,0.08995713410900184,72900000.0,0.021850039416340675,-1195300000.0,1,0.35962725524333916
2023-09-30,72004000000.0,43420000000.0,486883000000.0,35406000000.0,303910000000.0,143083000000.0,24544000000.0,9879000000.0,12995000000.0,21217000000.0,0.0,303910000000.0,0.06904384168629397,21217000000.0,0.020290295615168326,-35406000000.0,0,0.41035957303861753
2023-09-30,1499000000.0,1210000000.0,40739000000.0,303000000.0,28124000000.0,2971000000.0,1030000000.0,478000000.0,796000000.0,660000000.0,0.0,28124000000.0,0.16088858970043757,660000000.0,0.011733228601585705,-303000000.0,1,0.15383293649007412
2023-09-30,655287000.0,5511362000.0,32554898000.0,96398000.0,14724392000.0,5617493000.0,1898449000.0,-88738000.0,167430000.0,491165000.0,0.0,14724392000.0,-0.01579672640446548,491165000.0,-0.002725795669825167,-96398000.0,0,0.18571026701194304
2023-09-30,7827000000.0,18742000000.0,86791000000.0,17580000000.0,66284000000.0,16810000000.0,5947000000.0,2794000000.0,3644000000.0,4060000000.0,0.0,66284000000.0,0.16621058893515764,4060000000.0,0.03219227800117524,-17580000000.0,1,0.37730640273283667
2023-09-30,21649000000.0,21993000000.0,263927000000.0,9428000000.0,97679000000.0,51922000000.0,15569000000.0,6526000000.0,8852000000.0,9673000000.0,0.0,97679000000.0,0.1256885327991988,9673000000.0,0.024726534231056314,-9428000000.0,1,0.34202639366347964
2023-09-30,9222000000.0,8049000000.0,45813000000.0,4305000000.0,26106000000.0,8310000000.0,1718000000.0,1123000000.0,1524000000.0,1677000000.0,0.0,26106000000.0,0.13513838748495788,1677000000.0,0.02451269290376094,-4305000000.0,1,0.3254840329132108
2023-09-30,936000000.0,1934000000.0,66540000000.0,770000000.0,52536000000.0,5941000000.0,2555000000.0,1528000000.0,2283000000.0,2126000000.0,0.0,52536000000.0,0.2571957582898502,2126000000.0,0.022963630898707545,-770000000.0,0,0.23465734895641624
2023-10-31,1210000000.0,3154000000.0,72861000000.0,1898000000.0,48873000000.0,9295000000.0,6407000000.0,3524000000.0,4372000000.0,4828000000.0,0.0,48873000000.0,0.3791285637439484,4828000000.0,0.04836606689449774,-1898000000.0,1,0.3932995704107066
2023-10-31,2380000000.0,8309000000.0,54148000000.0,4779000000.0,20883000000.0,18120000000.0,13400000000.0,9243000000.0,10585000000.0,7332000000.0,0.0,20883000000.0,0.5100993377483444,7332000000.0,0.17069882544138287,-4779000000.0,0,1.2187098323180126
2023-10-31,61049000000.0,8625000000.0,259174000000.0,63951000000.0,173363000000.0,160804000000.0,39621000000.0,453000000.0,1597000000.0,813000000.0,0.0,173363000000.0,0.0028170941021367626,813000000.0,0.0017478605106993758,-63951000000.0,0,0.6432292591066117
2023-10-31,11478000000.0,3932000000.0,75577000000.0,22805000000.0,74147000000.0,37710000000.0,12738000000.0,3810000000.0,5455000000.0,4234000000.0,0.0,74147000000.0,0.10103420843277645,4234000000.0,0.05041216243036903,-22805000000.0,1,0.8077258954365953
2023-10-31,5425000000.0,560000000.0,30351000000.0,8285000000.0,23518000000.0,13265000000.0,4126000000.0,1191000000.0,1608000000.0,1171000000.0,0.0,23518000000.0,0.08978514888805127,1171000000.0,0.039240881684293766,-8285000000.0,0,0.6668248163017471
2023-11-30,7182948000.0,511907000.0,16292570000.0,5774467000.0,21506241000.0,4190277000.0,2214016000.0,593463000.0,848604000.0,830259000.0,0.0,21506241000.0,0.14162858445873627,830259000.0,0.03642537672079973,-5774467000.0,0,0.4800665824516663
2023-11-30,2709000000.0,4782000000.0,37203000000.0,7979000000.0,23057000000.0,13388000000.0,5971000000.0,1578000000.0,1825000000.0,2817000000.0,0.0,23057000000.0,0.11786674634000598,2817000000.0,0.04241593419885493,-7979000000.0,1,0.5811278660260761
2023-11-30,20357000000.0,2542000000.0,73723000000.0,18001000000.0,47576000000.0,57799000000.0,7342000000.0,1589000000.0,2144000000.0,4651000000.0,0.0,47576000000.0,0.02749182511808163,4651000000.0,0.021553653540957368,-18001000000.0,0,0.9101474438062714
2023-11-30,4002000000.0,10665000000.0,88051000000.0,632000000.0,61285000000.0,22165000000.0,4577000000.0,900000000.0,1421000000.0,1774000000.0,0.0,61285000000.0,0.040604556733588995,1774000000.0,0.010221348990925713,-632000000.0,1,0.3192956354801427
2023-12-31,10678000000.0,15466000000.0,163045000000.0,16528000000.0,134465000000.0,19423000000.0,5027000000.0,1592000000.0,2305000000.0,3141000000.0,0.0,134465000000.0,0.08196468104824177,3141000000.0,0.00976417553436168,-16528000000.0,1,0.17944923180427197
2023-12-31,1698000000.0,1586000000.0,16393000000.0,1934000000.0,15436000000.0,4950000000.0,2950000000.0,718000000.0,767000000.0,1136000000.0,0.0,15436000000.0,0.14505050505050504,1136000000.0,0.043799182577929606,-1934000000.0,0,0.5176782772791557
2023-12-31,151023000.0,5805813000.0,34069893000.0,110097000.0,15377057000.0,5773042000.0,2025752000.0,178070000.0,45006000.0,-797923000.0,0.0,15377057000.0,0.0308450899889521,-797923000.0,0.005226608724600339,-110097000.0,1,0.1811235450645348
2023-12-31,27309000000.0,10289000000.0,407060000000.0,2177000000.0,287645000000.0,32022000000.0,18111000000.0,2188000000.0,4662000000.0,11378000000.0,0.0,287645000000.0,0.06832802448316783,11378000000.0,0.005375128973615684,-2177000000.0,1,0.12398614454785312
2023-12-31,5117000000.0,5474000000.0,95924000000.0,1398000000.0,46645000000.0,14729000000.0,4795000000.0,3007000000.0,4562000000.0,5263000000.0,0.0,46645000000.0,0.20415506823273813,5263000000.0,0.03134773362245111,-1398000000.0,0,0.35437846628616276
2023-12-31,4909386000000.0,14245126000000.0,84232154000000.0,4294143000000.0,50708188000000.0,12041103000000.0,2685290000000.0,1357814000000.0,1869992000000.0,508062000000.0,0.0,50708188000000.0,0.11276491862913224,508062000000.0,0.016119901195925726,-4294143000000.0,1,0.23878074161560436
2023-12-31,411800000.0,403900000.0,7004500000.0,1055100000.0,4432600000.0,1934000000.0,1286000000.0,276600000.0,340400000.0,605100000.0,0.0,4432600000.0,0.14301964839710446,605100000.0,0.03948889999286173,-1055100000.0,0,0.4917638660501298
2023-12-31,28114000000.0,51454000000.0,273064000000.0,16461000000.0,204757000000.0,42979000000.0,3309000000.0,2101000000.0,1358000000.0,3657000000.0,0.0,204757000000.0,0.04888433886316573,3657000000.0,0.007694166935223977,-16461000000.0,1,0.18457870682184455
2023-12-31,20423000000.0,19921000000.0,261632000000.0,8612000000.0,99703000000.0,48933000000.0,14202000000.0,2259000000.0,3610000000.0,12434000000.0,0.0,99703000000.0,0.04616516461283796,12434000000.0,0.008634264921722113,-8612000000.0,1,0.24465126590162697
2023-12-31,4228000000.0,4131000000.0,176893000000.0,4292000000.0,126706000000.0,7212000000.0,3442000000.0,1005000000.0,2050000000.0,2569000000.0,0.0,126706000000.0,0.13935108153078202,2569000000.0,0.005681400620714217,-4292000000.0,0,0.086967828006974
2023-12-31,1237000000.0,1029000000.0,42408000000.0,446000000.0,30275000000.0,3680000000.0,1312000000.0,886000000.0,1353000000.0,1500000000.0,0.0,30275000000.0,0.2407608695652174,1500000000.0,0.020892284474627428,-446000000.0,1,0.2213096585465114
2023-12-31,31249000000.0,30296000000.0,376317000000.0,25120000000.0,163779000000.0,81688000000.0,17703000000.0,7630000000.0,10897000000.0,13682000000.0,0.0,163779000000.0,0.09340417197140338,13682000000.0,0.020275459253767437,-25120000000.0,1,0.34101595197713264
2023-12-31,58146000000.0,23194000000.0,353514000000.0,6511000000.0,279414000000.0,119575000000.0,54855000000.0,33916000000.0,40373000000.0,39895000000.0,0.0,279414000000.0,0.2836378841731131,39895000000.0,0.09593962332467738,-6511000000.0,0,0.8494382117810302
2023-12-31,981000000.0,161000000.0,16778000000.0,2620000000.0,7637000000.0,1315000000.0,-606000000.0,-1521000000.0,-1448000000.0,-1107000000.0,0.0,7637000000.0,-1.1566539923954373,-1107000000.0,-0.09065442841816665,-2620000000.0,1,-0.33334128024090115
2023-12-31,2898000000.0,2030000000.0,139331000000.0,3352000000.0,104106000000.0,6045000000.0,2488000000.0,855000000.0,1434000000.0,1813000000.0,0.0,104106000000.0,0.141439205955335,1813000000.0,0.0061364664001550264,-3352000000.0,1,0.08594067364479557
2023-12-31,7906000000.0,18820000000.0,87476000000.0,16565000000.0,67973000000.0,17070000000.0,5766000000.0,2676000000.0,3375000000.0,4003000000.0,0.0,67973000000.0,0.15676625659050966,4003000000.0,0.030591247885134207,-16565000000.0,0,0.3652876217427884
2023-12-31,84981000000.0,52253000000.0,527854000000.0,33318000000.0,325979000000.0,169961000000.0,29275000000.0,10624000000.0,14399000000.0,42465000000.0,0.0,325979000000.0,0.06250845782267697,42465000000.0,0.020126777480136554,-33318000000.0,0,0.4401809970176821
2023-12-31,8504000000.0,3609000000.0,177489000000.0,2106000000.0,119721000000.0,6878000000.0,4411000000.0,1210000000.0,3063000000.0,2878000000.0,0.0,119721000000.0,0.17592323349810993,2878000000.0,0.006817323890494623,-2106000000.0,0,0.1052453954875486
2023-12-31,1460700000.0,1165100000.0,29179700000.0,1646300000.0,37788600000.0,9425300000.0,2593200000.0,1024400000.0,1519200000.0,2383900000.0,0.0,37788600000.0,0.10868619566485947,2383900000.0,0.03510659808017218,-1646300000.0,0,0.5439678954637406
2023-12-31,10021000000.0,25085000000.0,380255000000.0,2057000000.0,286456000000.0,35130000000.0,19948000000.0,-2705000000.0,-218000000.0,8677000000.0,0.0,286456000000.0,-0.07699971534301167,8677000000.0,-0.007113647420809719,-2057000000.0,1,0.0805343782451157
2023-12-31,4143000000.0,3461000000.0,65304000000.0,10774000000.0,74750000000.0,9047000000.0,5585000000.0,2196000000.0,3345000000.0,3302000000.0,0.0,74750000000.0,0.24273239747982756,3302000000.0,0.03362734288864388,-10774000000.0,1,0.35464749478323193
2023-12-31,14234000000.0,6334000000.0,120709000000.0,7151000000.0,71881000000.0,21441000000.0,11297000000.0,3468000000.0,4744000000.0,5100000000.0,0.0,71881000000.0,0.16174618721141737,5100000000.0,0.028730252093878667,-7151000000.0,0,0.34754160832918485
2023-12-31,4177974000.0,816800000.0,12276326000.0,4857702000.0,9756598000.0,2464869000.0,920964000.0,-60510000.0,-74985000.0,256971000.0,0.0,9756598000.0,-0.024548971973764124,256971000.0,-0.004928999115859256,-4857702000.0,0,0.1737249808741602
2023-12-31,11964000000.0,2713000000.0,137012000000.0,79741000000.0,154240000000.0,22018000000.0,2697000000.0,-23000000.0,591000000.0,3381000000.0,0.0,154240000000.0,-0.0010445998728313198,3381000000.0,-0.00016786850786792398,-79741000000.0,0,0.17470075613328015
2023-12-31,25992000000.0,62026000000.0,273310000000.0,15651000000.0,230512000000.0,45962000000.0,2530000000.0,-526000000.0,-1497000000.0,2492000000.0,0.0,230512000000.0,-0.011444236543231364,2492000000.0,-0.001924554535143244,-15651000000.0,0,0.1473985584117354
2023-12-31,6849000000.0,7530000000.0,61525000000.0,6178000000.0,45084000000.0,9440000000.0,3239000000.0,1263000000.0,1708000000.0,2955000000.0,0.0,45084000000.0,0.13379237288135593,2955000000.0,0.020528240552620886,-6178000000.0,0,0.27378464038388955
2023-12-31,11635000000.0,8675000000.0,100495000000.0,5334000000.0,81858000000.0,27850000000.0,14753000000.0,1302000000.0,1750000000.0,5812000000.0,0.0,81858000000.0,0.046750448833034114,5812000000.0,0.012955868451166724,-5334000000.0,0,0.3527319767106483
2023-12-31,8578000000.0,3402000000.0,191572000000.0,11127000000.0,81607000000.0,15406000000.0,7047000000.0,2669000000.0,3055000000.0,4624000000.0,0.0,81607000000.0,0.1732441905751006,4624000000.0,0.013932098636543962,-11127000000.0,1,0.15254891111544744
2023-12-31,10698000000.0,10838000000.0,161869000000.0,11777000000.0,100424000000.0,19927000000.0,4009000000.0,1426000000.0,2286000000.0,4711000000.0,0.0,100424000000.0,0.07156119837406534,4711000000.0,0.00880959294244111,-11777000000.0,0,0.1820435043137791
2023-12-31,997000000.0,882000000.0,41652000000.0,264000000.0,28871000000.0,3073000000.0,1077000000.0,527000000.0,846000000.0,673000000.0,0.0,28871000000.0,0.17149365440937195,673000000.0,0.012652453663689618,-264000000.0,0,0.1585181983978108
2023-12-31,197646000.0,115535000.0,8044362000.0,39309000.0,4982155000.0,2516320000.0,638304000.0,282086000.0,383565000.0,265459000.0,0.0,4982155000.0,0.11210259426464042,265459000.0,0.03506629860764595,-39309000.0,0,0.519246262135988
2023-12-31,4132000000.0,7214000000.0,135241000000.0,1161000000.0,112628000000.0,17380000000.0,10267000000.0,3288000000.0,4164000000.0,4463000000.0,0.0,112628000000.0,0.18918296892980438,4463000000.0,0.02431215385866712,-1161000000.0,0,0.2641536220489383
2023-12-31,2055000000.0,5376000000.0,67885000000.0,4351000000.0,11993000000.0,6168000000.0,2911000000.0,667000000.0,391000000.0,381000000.0,0.0,11993000000.0,0.10813878080415046,381000000.0,0.00982544008249245,-4351000000.0,0,0.12362230245556796
2023-12-31,6710000000.0,11177000000.0,226501000000.0,10189000000.0,137213000000.0,14249000000.0,6686000000.0,-3369000000.0,-3441000000.0,5240000000.0,0.0,137213000000.0,-0.2364376447469998,5240000000.0,-0.014874106516086021,-10189000000.0,1,-0.008048088088836544
2023-12-31,1104000000.0,950000000.0,39236000000.0,505000000.0,25303000000.0,2031000000.0,797000000.0,113000000.0,299000000.0,110000000.0,0.0,25303000000.0,0.05563761693746923,110000000.0,0.0028800081557753083,-505000000.0,0,0.08094352124911784
2023-12-31,17695000000.0,42831000000.0,470558000000.0,1615000000.0,232290000000.0,62020000000.0,42397000000.0,21870000000.0,27435000000.0,18853000000.0,0.0,232290000000.0,0.3526281844566269,18853000000.0,0.04647673613029637,-1615000000.0,1,0.3892686980138802
2023-12-31,2276000000.0,1906000000.0,18020000000.0,4525000000.0,13095000000.0,4811000000.0,2146000000.0,-379000000.0,-481000000.0,1059000000.0,0.0,13095000000.0,-0.07877780087299938,1059000000.0,-0.021032186459489455,-4525000000.0,1,0.14945061041207874
2023-12-31,385330000.0,816337000.0,4261792000.0,92129000.0,1935459000.0,984425000.0,437924000.0,-78291000.0,-76503000.0,16327000.0,0.0,1935459000.0,-0.0795296746831907,16327000.0,-0.018370441354247227,-92129000.0,1,0.14603192744300342
2023-12-31,2872000000.0,8221000000.0,98726000000.0,5088000000.0,51884000000.0,10886000000.0,4393000000.0,1630000000.0,2130000000.0,3723000000.0,0.0,51884000000.0,0.14973360279257764,3723000000.0,0.01651034175394526,-5088000000.0,1,0.20457630208801827
2023-12-31,2312000000.0,2132000000.0,52456000000.0,3132000000.0,45621000000.0,18874000000.0,2295000000.0,1866000000.0,2399000000.0,2365000000.0,0.0,45621000000.0,0.09886616509483946,2365000000.0,0.03557267042854964,-3132000000.0,1,0.5605288241476646
2023-12-31,921000000.0,2251000000.0,109032000000.0,1698000000.0,81503000000.0,3534000000.0,1728000000.0,235000000.0,865000000.0,1386000000.0,0.0,81503000000.0,0.06649688737973967,1386000000.0,0.0021553305451610535,-1698000000.0,0,0.06161035292026799
2023-12-31,14431000000.0,3508000000.0,106618000000.0,13626000000.0,43009000000.0,25167000000.0,4438000000.0,7930000000.0,2252000000.0,4370000000.0,0.0,43009000000.0,0.3150951643024596,4370000000.0,0.07437768481869853,-13626000000.0,1,0.4098801328132903
2023-12-31,1766000000.0,3922000000.0,84488000000.0,2594000000.0,30998000000.0,2693000000.0,1623000000.0,1079000000.0,535000000.0,1619000000.0,0.0,30998000000.0,0.4006683995544003,1619000000.0,0.01277104440867342,-2594000000.0,1,0.07065026986596151
2023-12-31,856000000.0,2073000000.0,67132000000.0,743000000.0,52344000000.0,6159000000.0,2768000000.0,1652000000.0,2515000000.0,2395000000.0,0.0,52344000000.0,0.2682253612599448,2395000000.0,0.024608234523029255,-743000000.0,1,0.24982571649242552
2023-12-31,2846000000.0,2342000000.0,101546000000.0,801000000.0,75791000000.0,5367000000.0,2317000000.0,617000000.0,1169000000.0,1411000000.0,0.0,75791000000.0,0.11496180361468232,1411000000.0,0.006076064049790243,-801000000.0,0,0.09934906347471972
2023-12-31,1386271000000.0,3440961000000.0,27429756000000.0,2339652000000.0,15095119000000.0,5390100000000.0,1174127000000.0,253308000000.0,397380000000.0,41767000000.0,0.0,15095119000000.0,0.04699504647409139,41767000000.0,0.009234788672564203,-2339652000000.0,1,0.25724199661126734
2023-12-31,2117000000.0,156000000.0,17646000000.0,238000000.0,14575000000.0,4261000000.0,1955000000.0,165000000.0,311000000.0,1928000000.0,0.0,14575000000.0,0.03872330438864116,1928000000.0,0.00935056103366202,-238000000.0,0,0.3127224299856297
2023-12-31,4613000000.0,7812000000.0,47957000000.0,4387000000.0,26598000000.0,8990000000.0,1796000000.0,1112000000.0,1563000000.0,3022000000.0,0.0,26598000000.0,0.12369299221357064,3022000000.0,0.023187438747211044,-4387000000.0,0,0.32747461267138933
2023-12-31,3688000000.0,11155000000.0,134711000000.0,4099000000.0,124314000000.0,14301000000.0,8597000000.0,822000000.0,1776000000.0,4753000000.0,0.0,124314000000.0,0.05747849800713237,4753000000.0,0.0061019515852454515,-4099000000.0,1,0.15820979726562923
2023-12-31,5590000000.0,3410000000.0,97703000000.0,4424000000.0,70223000000.0,10849000000.0,6215000000.0,1973000000.0,2895000000.0,2670000000.0,0.0,70223000000.0,0.1818600792699788,2670000000.0,0.020193852798788166,-4424000000.0,1,0.23709302682245986
2023-12-31,3922000000.0,10349000000.0,106675000000.0,6358000000.0,69040000000.0,14630000000.0,10718000000.0,-1226000000.0,-1736000000.0,246000000.0,0.0,69040000000.0,-0.08380041011619958,246000000.0,-0.011492852120928052,-6358000000.0,1,0.06735223810383943
2023-12-31,1102900000.0,2488000000.0,56146800000.0,52800000.0,60853500000.0,6406200000.0,3654200000.0,2039000000.0,2875200000.0,2488900000.0,0.0,60853500000.0,0.31828541100808594,2488900000.0,0.03631551575512763,-52800000.0,0,0.3339274900680643
2023-12-31,9632000000.0,14873000000.0,167558000000.0,11181000000.0,98784000000.0,21395000000.0,14597000000.0,4049000000.0,4977000000.0,7863000000.0,0.0,98784000000.0,0.18924982472540314,7863000000.0,0.024164766827009156,-11181000000.0,0,0.2595381897600695
2024-01-31,10037000000.0,2753000000.0,76530000000.0,20976000000.0,75486000000.0,34786000000.0,11508000000.0,2801000000.0,4198000000.0,4733000000.0,0.0,75486000000.0,0.0805208992123268,4733000000.0,0.0366000261335424,-20976000000.0,1,0.6867999477251836
2024-01-31,1496000000.0,4969000000.0,177870000000.0,1920000000.0,107586000000.0,11961000000.0,7375000000.0,1325000000.0,2268000000.0,4815000000.0,0.0,107586000000.0,0.11077669091213109,4815000000.0,0.007449260696013943,-1920000000.0,1,0.11975262832288733
2024-01-31,3862000000.0,529000000.0,29747000000.0,5965000000.0,22445000000.0,16411000000.0,4883000000.0,1403000000.0,1862000000.0,2800000000.0,0.0,22445000000.0,0.08549143866918531,2800000000.0,0.047164419941506705,-5965000000.0,0,0.8242780784480854
2024-01-31,2699000000.0,9999000000.0,65728000000.0,5282000000.0,22750000000.0,22103000000.0,16791000000.0,12285000000.0,14169000000.0,11499000000.0,0.0,22750000000.0,0.5558069040401755,11499000000.0,0.18690664556962025,-5282000000.0,0,1.309330878781242
2024-01-31,12098000000.0,891000000.0,55356000000.0,11886000000.0,41924000000.0,31919000000.0,8516000000.0,1382000000.0,1893000000.0,3289000000.0,0.0,41924000000.0,0.04329709577367712,3289000000.0,0.024965676710744997,-11886000000.0,1,0.7244146975863905
2024-01-31,56812000000.0,8796000000.0,252399000000.0,54892000000.0,161828000000.0,173388000000.0,41563000000.0,5494000000.0,8213000000.0,16712000000.0,0.0,161828000000.0,0.03168616051860567,16712000000.0,0.02176712269066042,-54892000000.0,1,0.8248150745436226
2024-02-29,7149882000.0,501117000.0,16717654000.0,5970175000.0,21554975000.0,3859126000.0,2079652000.0,515030000.0,743242000.0,434127000.0,0.0,21554975000.0,0.13345767927763955,434127000.0,0.030807552303690457,-5970175000.0,0,0.42068501951681425
2024-02-29,17494000000.0,2779000000.0,66323000000.0,17075000000.0,45563000000.0,58442000000.0,7302000000.0,1743000000.0,2278000000.0,731000000.0,0.0,45563000000.0,0.02982444132644331,731000000.0,0.02628047585302233,-17075000000.0,0,1.0313104051335642
2024-02-29,3780000000.0,9904000000.0,86114000000.0,640000000.0,59739000000.0,21738000000.0,4539000000.0,879000000.0,1357000000.0,1610000000.0,0.0,59739000000.0,0.04043610267733922,1610000000.0,0.010207399493694405,-640000000.0,0,0.31872517824819313
2024-02-29,2340000000.0,4526000000.0,37356000000.0,7726000000.0,23130000000.0,12429000000.0,5562000000.0,1172000000.0,1336000000.0,2059000000.0,0.0,23130000000.0,0.09429559900233325,2059000000.0,0.03137380875896777,-7726000000.0,1,0.49466216939096874
2024-03-31,14725000000.0,3887000000.0,109226000000.0,16033000000.0,44046000000.0,21301000000.0,3696000000.0,1129000000.0,1629000000.0,242000000.0,0.0,44046000000.0,0.05300220646917985,242000000.0,0.010336366799113764,-16033000000.0,1,0.25870488711742523
2024-03-31,196866000.0,89836000.0,8411249000.0,37947000.0,5049920000.0,2701848000.0,741850000.0,359287000.0,453982000.0,569234000.0,0.0,5049920000.0,0.13297824303957884,569234000.0,0.042715059321154325,-37947000.0,1,0.5591310398490608
2024-03-31,1609836000000.0,3798684000000.0,29774150000000.0,2442969000000.0,16768278000000.0,5429310000000.0,1150375000000.0,237565000000.0,405455000000.0,325559000000.0,0.0,16768278000000.0,0.04375602056246558,325559000000.0,0.007978901160906356,-2442969000000.0,0,0.2384586125884321
2024-03-31,1506000000.0,847000000.0,42128000000.0,270000000.0,29592000000.0,3004000000.0,1021000000.0,53000000.0,231000000.0,839000000.0,0.0,29592000000.0,0.017643142476697737,839000000.0,0.0012580706418533992,-270000000.0,0,0.09116264716231906
2024-03-31,1418000000.0,5038000000.0,67895000000.0,4652000000.0,11697000000.0,5473000000.0,2560000000.0,123000000.0,89000000.0,521000000.0,0.0,11697000000.0,0.02247396309154029,521000000.0,0.0018116208851903675,-4652000000.0,1,0.08747183153814991
2024-03-31,2203000000.0,170000000.0,19062000000.0,223000000.0,15672000000.0,4333000000.0,2024000000.0,344000000.0,519000000.0,1512000000.0,0.0,15672000000.0,0.07939072236325871,1512000000.0,0.0180463749868849,-223000000.0,1,0.342424719312233
2024-03-31,1487400000.0,1110300000.0,29363200000.0,1744000000.0,37805400000.0,8563000000.0,2190200000.0,772400000.0,1133000000.0,506000000.0,0.0,37805400000.0,0.0902020319981315,506000000.0,0.02630503487358326,-1744000000.0,1,0.455783429573957
2024-03-31,3588000000.0,6041000000.0,137169000000.0,1212000000.0,113836000000.0,14461000000.0,7742000000.0,1605000000.0,1506000000.0,4168000000.0,0.0,113836000000.0,0.11098817509162576,4168000000.0,0.0117008945169827,-1212000000.0,0,0.15803716582845234
2024-03-31,3514000000.0,11366000000.0,105849000000.0,6510000000.0,65425000000.0,15775000000.0,12235000000.0,4762000000.0,5973000000.0,3090000000.0,0.0,65425000000.0,0.3018700475435816,3090000000.0,0.04498861585843985,-6510000000.0,0,0.3982342771284634
2024-03-31,10051000000.0,8222000000.0,47856000000.0,4549000000.0,25933000000.0,8707000000.0,1700000000.0,1068000000.0,1470000000.0,327000000.0,0.0,25933000000.0,0.12265992879292523,327000000.0,0.022316950852557672,-4549000000.0,1,0.3145519892992984
2024-03-31,7778000000.0,18742000000.0,83741000000.0,16953000000.0,66096000000.0,15799000000.0,5839000000.0,2856000000.0,3675000000.0,2052000000.0,0.0,66096000000.0,0.18077093486929552,2052000000.0,0.03410515756917161,-16953000000.0,0,0.3812338042244561
2024-03-31,1019000000.0,389000000.0,15734000000.0,2797000000.0,7665000000.0,1204000000.0,-527000000.0,-1446000000.0,-1370000000.0,-1269000000.0,0.0,7665000000.0,-1.2009966777408638,-1269000000.0,-0.09190288547095463,-2797000000.0,1,-0.33948137790570587
2024-03-31,903000000.0,999000000.0,39631000000.0,477000000.0,25573000000.0,2304000000.0,949000000.0,307000000.0,567000000.0,282000000.0,0.0,25573000000.0,0.1332465277777778,282000000.0,0.0077464611036814615,-477000000.0,1,0.11619439327117237
2024-03-31,2154000000.0,2191000000.0,140120000000.0,3268000000.0,104506000000.0,6646000000.0,3244000000.0,1129000000.0,1959000000.0,1311000000.0,0.0,104506000000.0,0.1698766175142943,1311000000.0,0.008057379389095062,-3268000000.0,0,0.10484798743651491
2024-03-31,73068000000.0,47768000000.0,530969000000.0,31147000000.0,314308000000.0,143313000000.0,27939000000.0,10431000000.0,13627000000.0,18989000000.0,0.0,314308000000.0,0.07278474388227167,18989000000.0,0.019645214692383173,-31147000000.0,0,0.38210422830676294
2024-03-31,8174000000.0,14946000000.0,171966000000.0,11383000000.0,101946000000.0,21383000000.0,14872000000.0,3255000000.0,3869000000.0,3657000000.0,0.0,101946000000.0,0.15222372913061777,3657000000.0,0.018928160217717455,-11383000000.0,0,0.22508926182973438
2024-03-31,385656000.0,716727000.0,4151755000.0,94531000.0,1795926000.0,881469000.0,388291000.0,-50855000.0,-46080000.0,46683000.0,0.0,1795926000.0,-0.057693463978880706,46683000.0,-0.012249036853089838,-94531000.0,0,0.15853729331019237
2024-03-31,45753000000.0,21837000000.0,337411000000.0,6232000000.0,263217000000.0,90753000000.0,42271000000.0,23636000000.0,27900000000.0,22690000000.0,0.0,263217000000.0,0.26044318094167684,22690000000.0,0.07005106531796533,-6232000000.0,0,0.6399121546113469
2024-03-31,4285000000.0,3119000000.0,179950000000.0,2131000000.0,120561000000.0,5731000000.0,3402000000.0,2268000000.0,2487000000.0,3077000000.0,0.0,120561000000.0,0.39574245332402724,3077000000.0,0.01260350097249236,-2131000000.0,1,0.0951003056387639
2024-03-31,59531000000.0,40366000000.0,377918000000.0,23491000000.0,164866000000.0,80411000000.0,18907000000.0,8220000000.0,12590000000.0,14664000000.0,0.0,164866000000.0,0.10222481998731517,14664000000.0,0.021750750162733715,-23491000000.0,1,0.3531612677887144
2024-03-31,1646000000.0,1813000000.0,16571000000.0,1914000000.0,15954000000.0,5065000000.0,3039000000.0,683000000.0,1047000000.0,681000000.0,0.0,15954000000.0,0.13484698914116486,681000000.0,0.04121658318749623,-1914000000.0,0,0.5718604791155153
2024-03-31,1306000000.0,1042000000.0,42695000000.0,451000000.0,30093000000.0,3681000000.0,1353000000.0,893000000.0,1395000000.0,1084000000.0,0.0,30093000000.0,0.2425971203477316,1084000000.0,0.020915798102822344,-451000000.0,1,0.22332123198621057
2024-03-31,3523000000.0,2257000000.0,54963000000.0,3278000000.0,48313000000.0,17195000000.0,1993000000.0,1545000000.0,2090000000.0,1635000000.0,0.0,48313000000.0,0.08985170107589416,1635000000.0,0.02810981933300584,-3278000000.0,0,0.47768498807347826
2024-03-31,3648000000.0,4188000000.0,65315000000.0,9970000000.0,73878000000.0,8793000000.0,5598000000.0,2148000000.0,3030000000.0,241000000.0,0.0,73878000000.0,0.2442852268850222,241000000.0,0.03288677945341805,-9970000000.0,1,0.3337548801857223
2024-03-31,13691000000.0,6124000000.0,119598000000.0,7077000000.0,69265000000.0,20195000000.0,10340000000.0,3754000000.0,4825000000.0,4088000000.0,0.0,69265000000.0,0.185887595939589,4088000000.0,0.031388484757270185,-7077000000.0,0,0.3459347146259637
2024-03-31,8559000000.0,3323000000.0,192733000000.0,11494000000.0,81977000000.0,12724000000.0,5217000000.0,-381000000.0,-461000000.0,-1223000000.0,0.0,81977000000.0,-0.029943414020748193,-1223000000.0,-0.0019768280470910536,-11494000000.0,0,0.055357930402217766
2024-03-31,2289000000.0,2606000000.0,18392000000.0,4427000000.0,13174000000.0,5458000000.0,2796000000.0,170000000.0,360000000.0,-116000000.0,0.0,13174000000.0,0.031146940271161598,-116000000.0,0.009243149195302305,-4427000000.0,0,0.3742931709241871
2024-03-31,5397000000.0,9554000000.0,67628000000.0,898000000.0,50695000000.0,21706000000.0,3581000000.0,1113000000.0,1731000000.0,3316000000.0,0.0,50695000000.0,0.05127614484474339,3316000000.0,0.016457680250783698,-898000000.0,0,0.4284689773407525
2024-03-31,18087000000.0,44029000000.0,484275000000.0,1304000000.0,231123000000.0,61858000000.0,43353000000.0,21939000000.0,27527000000.0,31917000000.0,0.0,231123000000.0,0.3546671408710272,31917000000.0,0.04530277218522534,-1304000000.0,1,0.37873460327305186
2024-03-31,91426000.0,5777178000.0,35612830000.0,119413000.0,16645634000.0,5957128000.0,2094473000.0,472005000.0,415472000.0,489395000.0,0.0,16645634000.0,0.0792336508465153,489395000.0,0.013253790838863409,-119413000.0,0,0.22432905781662624
2024-03-31,5138000000.0,5458000000.0,95348000000.0,1443000000.0,46023000000.0,13848000000.0,4288000000.0,2551000000.0,4093000000.0,4985000000.0,0.0,46023000000.0,0.18421432697862508,4985000000.0,0.0267546251625624,-1443000000.0,0,0.32435184796789707
2024-03-31,31973000000.0,9577000000.0,399428000000.0,2127000000.0,278833000000.0,30028000000.0,18074000000.0,3445000000.0,6593000000.0,7547000000.0,0.0,278833000000.0,0.11472625549487145,7547000000.0,0.008624833511922048,-2127000000.0,0,0.14172241304980998
2024-03-31,10486000000.0,15100000000.0,163942000000.0,17603000000.0,132839000000.0,16053000000.0,4433000000.0,1537000000.0,2144000000.0,992000000.0,0.0,132839000000.0,0.09574534354949231,992000000.0,0.009375266862670945,-17603000000.0,0,0.1542008759167296
2024-03-31,332200000.0,446500000.0,6602600000.0,902200000.0,4152300000.0,1567900000.0,1043700000.0,90700000.0,123100000.0,121000000.0,0.0,4152300000.0,0.05784807704572996,121000000.0,0.01373701269196983,-902200000.0,0,0.3182246387414146
2024-03-31,3828068000000.0,13729703000000.0,90114296000000.0,4605368000000.0,54874958000000.0,11072605000000.0,2250188000000.0,997691000000.0,1594001000000.0,1420232000000.0,0.0,54874958000000.0,0.09010445148183287,1420232000000.0,0.011071395375490699,-4605368000000.0,0,0.19674542760673383
2024-03-31,19425000000.0,4244000000.0,99392000000.0,4961000000.0,71446000000.0,11300000000.0,7065000000.0,3177000000.0,4254000000.0,528000000.0,0.0,71446000000.0,0.28115044247787613,528000000.0,0.031964343206696715,-4961000000.0,0,0.29968206696348487
2024-03-31,29393000000.0,55456000000.0,276591000000.0,17533000000.0,205990000000.0,43014000000.0,5912000000.0,2980000000.0,3934000000.0,3152000000.0,0.0,205990000000.0,0.06927976937741201,3152000000.0,0.010774030969915869,-17533000000.0,0,0.217534916174444
2024-03-31,21257000000.0,20414000000.0,261651000000.0,9942000000.0,99995000000.0,46580000000.0,14748000000.0,5501000000.0,8040000000.0,6828000000.0,0.0,99995000000.0,0.11809789609274367,6828000000.0,0.021024188709387697,-9942000000.0,0,0.3088595113352136
2024-03-31,936000000.0,2238000000.0,53513000000.0,46000000.0,58346000000.0,6169000000.0,3439000000.0,1929000000.0,2781000000.0,2390000000.0,0.0,58346000000.0,0.3126924947317231,2390000000.0,0.03604731560555379,-46000000.0,1,0.33724328666586245
2024-03-31,2555000000.0,7931000000.0,97095000000.0,5133000000.0,51471000000.0,10345000000.0,4205000000.0,1328000000.0,1952000000.0,1251000000.0,0.0,51471000000.0,0.12837119381343645,1251000000.0,0.013677326329883104,-5133000000.0,0,0.19203666512108594
2024-03-31,814000000.0,2162000000.0,67266000000.0,770000000.0,51601000000.0,6031000000.0,2727000000.0,1641000000.0,2464000000.0,2122000000.0,0.0,51601000000.0,0.2720941800696402,2122000000.0,0.024395682811524395,-770000000.0,0,0.2446941991434327
2024-03-31,22073000000.0,11118000000.0,100040000000.0,5569000000.0,80850000000.0,18250000000.0,10002000000.0,2042000000.0,2775000000.0,-1041000000.0,0.0,80850000000.0,0.1118904109589041,-1041000000.0,0.020411835265893644,-5569000000.0,0,0.30254198320214326
2024-03-31,6468000000.0,7476000000.0,65645000000.0,6318000000.0,48593000000.0,9105000000.0,3522000000.0,1463000000.0,2091000000.0,448000000.0,0.0,48593000000.0,0.16068094453596926,448000000.0,0.022286541244573084,-6318000000.0,1,0.27501713762831215
2024-03-31,3364000000.0,3899000000.0,178670000000.0,4281000000.0,128032000000.0,7671000000.0,3725000000.0,1138000000.0,2149000000.0,2474000000.0,0.0,128032000000.0,0.14835093208186678,2474000000.0,0.0063692841551463595,-4281000000.0,1,0.09154250853325854
2024-03-31,27384000000.0,63298000000.0,274341000000.0,18632000000.0,231444000000.0,42777000000.0,3601000000.0,1332000000.0,1904000000.0,1385000000.0,0.0,231444000000.0,0.031138228487271196,1385000000.0,0.004855271359366628,-18632000000.0,0,0.18562664712715637
2024-03-31,5591000000.0,10989000000.0,221095000000.0,10892000000.0,128537000000.0,14878000000.0,11499000000.0,3115000000.0,4211000000.0,1090000000.0,0.0,128537000000.0,0.20936953891652105,1090000000.0,0.014088966281462719,-10892000000.0,0,0.149869060810204
2024-03-31,1679000000.0,3379000000.0,83402000000.0,2645000000.0,29955000000.0,5796000000.0,3487000000.0,1088000000.0,1336000000.0,1739000000.0,0.0,29955000000.0,0.18771566597653555,1739000000.0,0.013045250713412148,-2645000000.0,0,0.14062012901933463
2024-03-31,11616000000.0,2959000000.0,134484000000.0,83471000000.0,151500000000.0,16569000000.0,1876000000.0,-343000000.0,191000000.0,-3362000000.0,0.0,151500000000.0,-0.020701309674693705,-3362000000.0,-0.002550489277534874,-83471000000.0,1,0.12432036524294793
2024-03-31,721000000.0,2148000000.0,102005000000.0,1719000000.0,74584000000.0,3632000000.0,1685000000.0,674000000.0,862000000.0,1982000000.0,0.0,74584000000.0,0.1855726872246696,1982000000.0,0.006607519239252978,-1719000000.0,1,0.07274349296231156
2024-03-31,10522000000.0,10280000000.0,160187000000.0,12386000000.0,98050000000.0,19305000000.0,3561000000.0,1709000000.0,2271000000.0,342000000.0,0.0,98050000000.0,0.08852628852628852,342000000.0,0.01066878086236711,-12386000000.0,0,0.18223638622222926
2024-03-31,2814000000.0,2550000000.0,103211000000.0,788000000.0,77150000000.0,6043000000.0,2362000000.0,658000000.0,1189000000.0,992000000.0,0.0,77150000000.0,0.10888631474433229,992000000.0,0.006375289455581285,-788000000.0,0,0.10549166270652041
2024-04-30,1441000000.0,5500000000.0,175211000000.0,1842000000.0,105250000000.0,12487000000.0,7776000000.0,2121000000.0,3052000000.0,4580000000.0,0.0,105250000000.0,0.16985665091695362,4580000000.0,0.012105404341051647,-1842000000.0,0,0.14569861481184873
2024-04-30,2715000000.0,12365000000.0,77072000000.0,5864000000.0,27930000000.0,26044000000.0,20406000000.0,14881000000.0,17343000000.0,15345000000.0,0.0,27930000000.0,0.5713792044232837,15345000000.0,0.19307919867137222,-5864000000.0,1,1.3508057400931035
2024-04-30,4072000000.0,542000000.0,29679000000.0,6218000000.0,22177000000.0,12479000000.0,3740000000.0,1070000000.0,1409000000.0,737000000.0,0.0,22177000000.0,0.08574405000400673,737000000.0,0.036052427642440786,-6218000000.0,1,0.6276053775262969
2024-04-30,56071000000.0,9075000000.0,254054000000.0,55382000000.0,165764000000.0,161508000000.0,40077000000.0,5104000000.0,7749000000.0,4249000000.0,0.0,165764000000.0,0.031602149738712636,4249000000.0,0.02009021704047171,-55382000000.0,0,0.7645040030848542
2024-04-30,12563000000.0,4105000000.0,79230000000.0,22416000000.0,77410000000.0,36418000000.0,12433000000.0,3600000000.0,5136000000.0,5497000000.0,0.0,77410000000.0,0.09885221593717393,5497000000.0,0.045437334343051874,-22416000000.0,0,0.7371803609669835
2024-05-31,2851000000.0,4427000000.0,38110000000.0,7519000000.0,23680000000.0,12606000000.0,5634000000.0,1500000000.0,1546000000.0,2619000000.0,0.0,23680000000.0,0.11899095668729176,2619000000.0,0.039359748097612175,-7519000000.0,1,0.5197533455724384
2024-05-31,7369673000.0,586775000.0,17108432000.0,6155300000.0,21946669000.0,4235485000.0,2265522000.0,651726000.0,900181000.0,669480000.0,0.0,21946669000.0,0.15387281503771114,669480000.0,0.03809384752500989,-6155300000.0,0,0.47453201434636016
2024-05-31,3189000000.0,10087000000.0,87007000000.0,614000000.0,59425000000.0,22109000000.0,5123000000.0,1474000000.0,2213000000.0,2698000000.0,0.0,59425000000.0,0.06666968202994256,2698000000.0,0.01694116565333824,-614000000.0,1,0.36175824933256506
2024-05-31,18844000000.0,2583000000.0,67911000000.0,17430000000.0,46140000000.0,58515000000.0,7342000000.0,1681000000.0,2325000000.0,2999000000.0,0.0,46140000000.0,0.02872767666410322,2999000000.0,0.024752985525172654,-17430000000.0,0,1.009275375118657
2024-06-30,2560000000.0,2771000000.0,19620000000.0,4544000000.0,14265000000.0,5822000000.0,2959000000.0,190000000.0,366000000.0,884000000.0,0.0,14265000000.0,0.032634833390587425,884000000.0,0.009683995922528032,-4544000000.0,0,0.3718552497260569
2024-06-30,21007000000.0,20752000000.0,260644000000.0,10477000000.0,100381000000.0,49574000000.0,14703000000.0,4434000000.0,7149000000.0,6295000000.0,0.0,100381000000.0,0.08944204623391294,6295000000.0,0.017011709458111448,-10477000000.0,1,0.3045276315601277
2024-06-30,21996000000.0,56924000000.0,512163000000.0,1246000000.0,243686000000.0,64727000000.0,45043000000.0,22036000000.0,27951000000.0,37195000000.0,0.0,243686000000.0,0.34044525468506187,37195000000.0,0.04302536497169846,-1246000000.0,1,0.3667107932436764
2024-06-30,477800000.0,371800000.0,6641000000.0,1039100000.0,4274000000.0,1512200000.0,1065800000.0,168600000.0,227500000.0,277300000.0,0.0,4274000000.0,0.11149318873164925,277300000.0,0.025387742809817797,-1039100000.0,1,0.376297244350593
2024-06-30,21909000000.0,4545000000.0,101202000000.0,4763000000.0,73791000000.0,12363000000.0,7551000000.0,2411000000.0,3446000000.0,3585000000.0,0.0,73791000000.0,0.19501739060098683,3585000000.0,0.02382363984901484,-4763000000.0,1,0.2678820576631181
2024-06-30,112659000.0,6130738000.0,37546600000.0,104728000.0,18253605000.0,6155563000.0,2233480000.0,195268000.0,498374000.0,519392000.0,0.0,18253605000.0,0.03172219990275463,519392000.0,0.005200683950078036,-104728000.0,1,0.21502805580356582
2024-06-30,2547000000.0,7943000000.0,98496000000.0,5198000000.0,50961000000.0,10541000000.0,4347000000.0,1548000000.0,2119000000.0,1960000000.0,0.0,50961000000.0,0.14685513708376816,1960000000.0,0.015716374269005847,-5198000000.0,1,0.200017259583736
2024-06-30,5156000000.0,5307000000.0,95994000000.0,1447000000.0,46249000000.0,13620000000.0,4264000000.0,2329000000.0,3937000000.0,4919000000.0,0.0,46249000000.0,0.1709985315712188,4919000000.0,0.02426193303748151,-1447000000.0,0,0.3111934079218009
2024-06-30,3282000000.0,2930000000.0,55076000000.0,3097000000.0,48901000000.0,18122000000.0,2130000000.0,1641000000.0,2209000000.0,1876000000.0,0.0,48901000000.0,0.09055291910385167,1876000000.0,0.02979519209819159,-3097000000.0,0,0.5031066163024869
2024-06-30,5146699000000.0,15978104000000.0,94037319000000.0,4787791000000.0,57257948000000.0,11837880000000.0,2428446000000.0,1333347000000.0,1888767000000.0,683661000000.0,0.0,57257948000000.0,0.11263393445448003,683661000000.0,0.01417891337374261,-4787791000000.0,0,0.2120168579029756
2024-06-30,31173000000.0,9686000000.0,398026000000.0,1816000000.0,276702000000.0,29797000000.0,18355000000.0,3597000000.0,6790000000.0,9093000000.0,0.0,276702000000.0,0.12071685068966674,9093000000.0,0.009037098079019963,-1816000000.0,0,0.14380919839322825
2024-06-30,949000000.0,2404000000.0,53801000000.0,46000000.0,58625000000.0,6490000000.0,3718000000.0,2022000000.0,2928000000.0,1689000000.0,0.0,58625000000.0,0.3115562403697997,1689000000.0,0.037582944554933925,-46000000.0,1,0.3528410252476837
2024-06-30,1645000000.0,3298000000.0,78555000000.0,2671000000.0,28653000000.0,5743000000.0,3428000000.0,907000000.0,1148000000.0,1417000000.0,0.0,28653000000.0,0.15793139474142434,1417000000.0,0.01154605053783973,-2671000000.0,1,0.1374985678880397
2024-06-30,9618000000.0,3131000000.0,206205000000.0,11244000000.0,85771000000.0,12833000000.0,4547000000.0,-1610000000.0,-1710000000.0,2292000000.0,0.0,85771000000.0,-0.12545780409880777,2292000000.0,-0.007807764118231857,-11244000000.0,1,0.023937343906512844
2024-06-30,980000000.0,933000000.0,39839000000.0,502000000.0,25774000000.0,1881000000.0,802000000.0,190000000.0,422000000.0,766000000.0,0.0,25774000000.0,0.10101010101010101,766000000.0,0.004769196013956174,-502000000.0,1,0.0888476116299963
2024-06-30,2556000000.0,190000000.0,20030000000.0,257000000.0,16374000000.0,5073000000.0,2365000000.0,531000000.0,707000000.0,1882000000.0,0.0,16374000000.0,0.10467179183914843,1882000000.0,0.026510234648027958,-257000000.0,0,0.40686470292231497
2024-06-30,10099000000.0,8605000000.0,49373000000.0,4504000000.0,27093000000.0,9139000000.0,1877000000.0,1112000000.0,1553000000.0,1436000000.0,0.0,27093000000.0,0.121676332202648,1436000000.0,0.022522431288355984,-4504000000.0,0,0.3204322200371339
2024-06-30,1557000000.0,1825000000.0,16480000000.0,1922000000.0,15998000000.0,5058000000.0,3066000000.0,731000000.0,1092000000.0,990000000.0,0.0,15998000000.0,0.14452352708580465,990000000.0,0.04435679611650485,-1922000000.0,0,0.5876820387996406
2024-06-30,3519000000.0,11642000000.0,112630000000.0,6469000000.0,68982000000.0,16112000000.0,12367000000.0,5455000000.0,6316000000.0,5637000000.0,0.0,68982000000.0,0.33856752730883816,5637000000.0,0.04843292195684986,-6469000000.0,1,0.3959140548679717
2024-06-30,8848000000.0,15794000000.0,181088000000.0,12169000000.0,109550000000.0,22447000000.0,15578000000.0,4686000000.0,6018000000.0,5633000000.0,0.0,109550000000.0,0.20875840869603957,5633000000.0,0.025876921717617955,-12169000000.0,1,0.26985112210522955
2024-06-30,870000000.0,2118000000.0,67817000000.0,807000000.0,51328000000.0,6007000000.0,2736000000.0,1673000000.0,2503000000.0,1911000000.0,0.0,51328000000.0,0.2785084068586649,1911000000.0,0.02466933069879234,-807000000.0,0,0.24491056814062476
2024-06-30,917000000.0,2256000000.0,100417000000.0,1758000000.0,73344000000.0,3486000000.0,1662000000.0,572000000.0,1055000000.0,856000000.0,0.0,73344000000.0,0.16408491107286288,856000000.0,0.005696246651463397,-1758000000.0,0,0.07736040709861353
2024-06-30,276118000.0,669136000.0,4104374000.0,96351000.0,1713585000.0,968179000.0,424700000.0,-33953000.0,-71243000.0,23406000.0,0.0,1713585000.0,-0.035068928369650657,23406000.0,-0.008272394279858512,-96351000.0,0,0.16702739570933797
2024-06-30,1474570000000.0,3920121000000.0,31311972000000.0,2675607000000.0,17614294000000.0,5404858000000.0,1196383000000.0,394660000000.0,571693000000.0,-81263000000.0,0.0,17614294000000.0,0.07301949468422667,-81263000000.0,0.012604124709871356,-2675607000000.0,0,0.25051021698664866
2024-06-30,13056000000.0,3737000000.0,112832000000.0,14195000000.0,45569000000.0,25500000000.0,4578000000.0,1478000000.0,1973000000.0,3612000000.0,0.0,45569000000.0,0.05796078431372549,3612000000.0,0.013099120816789564,-14195000000.0,0,0.30204286018404036
2024-06-30,2810000000.0,2681000000.0,105113000000.0,824000000.0,78961000000.0,5361000000.0,2160000000.0,448000000.0,977000000.0,1462000000.0,0.0,78961000000.0,0.08356649878753963,1462000000.0,0.004262079856915891,-824000000.0,0,0.08764187112534816
2024-06-30,28762000000.0,56189000000.0,282956000000.0,17605000000.0,211056000000.0,47968000000.0,6244000000.0,2933000000.0,3849000000.0,5976000000.0,0.0,211056000000.0,0.0611449299533022,5976000000.0,0.010365569205106093,-17605000000.0,1,0.22892569869380539
2024-06-30,25458000000.0,64236000000.0,276586000000.0,17183000000.0,232991000000.0,47808000000.0,4561000000.0,1831000000.0,2717000000.0,5508000000.0,0.0,232991000000.0,0.03829902945113788,5508000000.0,0.006620002458548155,-17183000000.0,0,0.21453544286230056
2024-06-30,1535000000.0,829000000.0,42558000000.0,308000000.0,29579000000.0,3044000000.0,1144000000.0,737000000.0,1148000000.0,1036000000.0,0.0,29579000000.0,0.24211563731931668,1036000000.0,0.017317543117627707,-308000000.0,1,0.18478781896854352
2024-06-30,769000000.0,249000000.0,15354000000.0,2583000000.0,8536000000.0,1158000000.0,-451000000.0,-1457000000.0,-1381000000.0,-754000000.0,0.0,8536000000.0,-1.258203799654577,-754000000.0,-0.0948938387390908,-2583000000.0,1,-0.3542464504442333
2024-06-30,7575000000.0,18937000000.0,83336000000.0,17082000000.0,66200000000.0,16689000000.0,6225000000.0,2681000000.0,3637000000.0,3021000000.0,0.0,66200000000.0,0.16064473605368806,3021000000.0,0.03217097052894308,-17082000000.0,1,0.3893215417053292
2024-06-30,60107000000.0,43071000000.0,460707000000.0,24503000000.0,184441000000.0,89986000000.0,20196000000.0,9240000000.0,13936000000.0,10560000000.0,0.0,184441000000.0,0.10268263952170338,10560000000.0,0.020056131120213063,-24503000000.0,0,0.32322235173396263
2024-06-30,10939000000.0,10252000000.0,161169000000.0,13047000000.0,100488000000.0,19721000000.0,3580000000.0,111000000.0,916000000.0,2733000000.0,0.0,100488000000.0,0.005628517823639775,2733000000.0,0.0006887180537200082,-13047000000.0,1,0.14208191401424788
2024-06-30,4048321000.0,865921000.0,12289806000.0,4903490000.0,9683054000.0,2683053000.0,1114308000.0,44991000.0,80762000.0,85126000.0,0.0,9683054000.0,0.01676858414649282,85126000.0,0.003660838909906308,-4903490000.0,0,0.2451263266126027
2024-06-30,1192000000.0,1052000000.0,42362000000.0,417000000.0,29742000000.0,3701000000.0,1440000000.0,963000000.0,1476000000.0,1089000000.0,0.0,29742000000.0,0.2601999459605512,1089000000.0,0.022732637741371985,-417000000.0,0,0.23417213539621806
2024-06-30,203480000.0,97542000.0,8919835000.0,35560000.0,5208015000.0,2973117000.0,859400000.0,455671000.0,600810000.0,562578000.0,0.0,5208015000.0,0.15326372961440804,562578000.0,0.051085137785620474,-35560000.0,0,0.6271113086539861
2024-06-30,47574000000.0,22795000000.0,331612000000.0,6165000000.0,264904000000.0,85777000000.0,39678000000.0,21448000000.0,25352000000.0,28858000000.0,0.0,264904000000.0,0.25004371801298714,28858000000.0,0.06467799717742422,-6165000000.0,1,0.601503564405242
2024-06-30,3591000000.0,4240000000.0,65782000000.0,9382000000.0,73724000000.0,9468000000.0,6123000000.0,2406000000.0,3430000000.0,4632000000.0,0.0,73724000000.0,0.2541191381495564,4632000000.0,0.03657535496032349,-9382000000.0,0,0.36720379434093464
2024-06-30,3631000000.0,5769000000.0,133848000000.0,1234000000.0,109745000000.0,15769000000.0,8950000000.0,1834000000.0,2646000000.0,2066000000.0,0.0,109745000000.0,0.11630414103621028,2066000000.0,0.01370210985595601,-1234000000.0,1,0.20223238299811558
2024-06-30,1699000000.0,5749000000.0,67886000000.0,4991000000.0,11348000000.0,5835000000.0,2864000000.0,265000000.0,324000000.0,593000000.0,0.0,11348000000.0,0.04541559554413025,593000000.0,0.003903603099313555,-4991000000.0,0,0.10716789916019974
2024-06-30,6470000000.0,7759000000.0,69329000000.0,6324000000.0,51812000000.0,9577000000.0,3721000000.0,1544000000.0,2224000000.0,1371000000.0,0.0,51812000000.0,0.16121958859768196,1371000000.0,0.022270622683148465,-6324000000.0,1,0.27517777552831935
2024-06-30,15364000000.0,6118000000.0,122370000000.0,7016000000.0,71812000000.0,20532000000.0,10184000000.0,3137000000.0,4090000000.0,5754000000.0,0.0,71812000000.0,0.15278589518799923,5754000000.0,0.025635368145787367,-7016000000.0,1,0.3139723788495744
2024-06-30,4390000000.0,3601000000.0,184724000000.0,2155000000.0,125288000000.0,6069000000.0,3618000000.0,1622000000.0,2052000000.0,3933000000.0,0.0,125288000000.0,0.2672598451145164,3933000000.0,0.00878066737402828,-2155000000.0,1,0.08180528788725144
2024-06-30,22859000000.0,12122000000.0,99533000000.0,5887000000.0,79953000000.0,22501000000.0,12582000000.0,3083000000.0,4104000000.0,2356000000.0,0.0,79953000000.0,0.13701613261632817,2356000000.0,0.03097465162307978,-5887000000.0,0,0.40549767413367366
2024-06-30,3777000000.0,4674000000.0,181575000000.0,4390000000.0,130769000000.0,7172000000.0,3546000000.0,900000000.0,1895000000.0,2953000000.0,0.0,130769000000.0,0.12548800892359174,2953000000.0,0.004956629491945477,-4390000000.0,0,0.0808784248912742
2024-06-30,81817000000.0,50106000000.0,554818000000.0,34109000000.0,318371000000.0,147977000000.0,28322000000.0,13485000000.0,15834000000.0,25281000000.0,0.0,318371000000.0,0.0911290268082202,25281000000.0,0.024305267673363155,-34109000000.0,0,0.3949190545365248
2024-06-30,5604000000.0,8370000000.0,123190000000.0,9469000000.0,104347000000.0,9093000000.0,3518000000.0,1266000000.0,1695000000.0,913000000.0,0.0,104347000000.0,0.13922797756516,913000000.0,0.010276808182482344,-9469000000.0,0,0.1336058121560869
2024-06-30,11864000000.0,3155000000.0,142720000000.0,85661000000.0,160702000000.0,16866000000.0,1229000000.0,-1439000000.0,-842000000.0,-3923000000.0,0.0,160702000000.0,-0.08531957784892684,-3923000000.0,-0.01008267937219731,-85661000000.0,0,0.08459080717021344
2024-06-30,2445000000.0,2239000000.0,141937000000.0,3287000000.0,105826000000.0,6463000000.0,3484000000.0,1203000000.0,2172000000.0,2688000000.0,0.0,105826000000.0,0.18613646913198206,2688000000.0,0.008475591283456745,-3287000000.0,0,0.10789857471698527
2024-06-30,5106000000.0,11393000000.0,216193000000.0,11447000000.0,128218000000.0,13283000000.0,9983000000.0,41000000.0,675000000.0,-1781000000.0,0.0,128218000000.0,0.0030866521117217495,-1781000000.0,0.00018964536317087047,-11447000000.0,0,0.07200926949444099
2024-06-30,1586300000.0,1146000000.0,30111800000.0,1854700000.0,38049200000.0,9113900000.0,2543900000.0,1054800000.0,1545600000.0,1670100000.0,0.0,38049200000.0,0.11573530541261151,1670100000.0,0.03502945689065416,-1854700000.0,1,0.5210947203181089
2024-07-31,4503000000.0,521000000.0,30555000000.0,6470000000.0,22773000000.0,13468000000.0,4088000000.0,1099000000.0,1488000000.0,1629000000.0,0.0,22773000000.0,0.0816008316008316,1629000000.0,0.03596792668957617,-6470000000.0,1,0.6518409425496656
2024-07-31,13206000000.0,4931000000.0,96846000000.0,23060000000.0,92426000000.0,43175000000.0,14416000000.0,4561000000.0,6618000000.0,5409000000.0,0.0,92426000000.0,0.10563983786913723,5409000000.0,0.04709538855502551,-23060000000.0,1,0.7372508931647015
2024-07-31,1757000000.0,4665000000.0,167966000000.0,1894000000.0,102315000000.0,13072000000.0,8356000000.0,-1875000000.0,3870000000.0,4963000000.0,0.0,102315000000.0,-0.14343635250917994,4963000000.0,-0.011162973458914304,-1894000000.0,0,0.13823035614222517
2024-07-31,3680000000.0,14132000000.0,85227000000.0,6675000000.0,27070000000.0,30040000000.0,22574000000.0,16599000000.0,19275000000.0,14488000000.0,0.0,27070000000.0,0.5525632490013316,14488000000.0,0.19476222323911435,-6675000000.0,0,1.3714679620388965
2024-07-31,56716000000.0,8650000000.0,254440000000.0,55611000000.0,163668000000.0,169335000000.0,42525000000.0,4501000000.0,6892000000.0,12108000000.0,0.0,163668000000.0,0.026580447042844065,12108000000.0,0.017689828643295078,-55611000000.0,0,0.779673007387725
2024-08-31,3357000000.0,4764000000.0,37867000000.0,8253000000.0,23923000000.0,11589000000.0,5257000000.0,1051000000.0,1209000000.0,394000000.0,0.0,23923000000.0,0.09068944688929156,394000000.0,0.027755037367628806,-8253000000.0,0,0.4502627617648539
2024-08-31,3738000000.0,10312000000.0,86711000000.0,611000000.0,59535000000.0,21579000000.0,4376000000.0,794000000.0,1208000000.0,1187000000.0,0.0,59535000000.0,0.036795032207238516,1187000000.0,0.009156854378337236,-611000000.0,0,0.3076541615213051
2024-08-31,7355701000.0,545575000.0,17176538000.0,6155218000.0,21926152000.0,6205380000.0,3257862000.0,902208000.0,1307993000.0,1070250000.0,0.0,21926152000.0,0.14539125726385813,1070250000.0,0.05252560207417816,-6155218000.0,0,0.6861014774496483
2024-08-31,19421000000.0,2721000000.0,69831000000.0,18647000000.0,46209000000.0,79697000000.0,10109000000.0,2354000000.0,3162000000.0,2958000000.0,0.0,46209000000.0,0.029536870898528175,2958000000.0,0.03370995689593447,-18647000000.0,1,1.3379043691155321
2024-09-30,830000000.0,2036000000.0,67570000000.0,775000000.0,50986000000.0,6091000000.0,2770000000.0,1671000000.0,2503000000.0,2651000000.0,0.0,50986000000.0,0.27433918896732884,2651000000.0,0.024729909723249965,-775000000.0,1,0.24700754772229036
2024-09-30,5314000000.0,14451000000.0,219476000000.0,11721000000.0,126918000000.0,17701000000.0,12438000000.0,4465000000.0,5498000000.0,6714000000.0,0.0,126918000000.0,0.25224563583978304,6714000000.0,0.020343910040277753,-11721000000.0,1,0.19179955894875778
2024-09-30,84570000000.0,51638000000.0,584626000000.0,36103000000.0,325475000000.0,158877000000.0,30995000000.0,15328000000.0,18640000000.0,25971000000.0,0.0,325475000000.0,0.09647714898946984,25971000000.0,0.026218471296179095,-36103000000.0,1,0.4136801989645992
2024-09-30,23791000000.0,12254000000.0,100513000000.0,5644000000.0,80908000000.0,23319000000.0,12923000000.0,2930000000.0,3913000000.0,4905000000.0,0.0,80908000000.0,0.12564861271924183,4905000000.0,0.02915045814969208,-5644000000.0,0,0.40128043138246183
2024-09-30,2940000000.0,216000000.0,22623000000.0,322000000.0,18621000000.0,5312000000.0,2439000000.0,397000000.0,560000000.0,1600000000.0,0.0,18621000000.0,0.07473644578313253,1600000000.0,0.017548512575697298,-322000000.0,0,0.3410599831821134
2024-09-30,617000000.0,217000000.0,14262000000.0,2680000000.0,8363000000.0,874000000.0,-392000000.0,-1100000000.0,-1013000000.0,-876000000.0,0.0,8363000000.0,-1.2585812356979404,-876000000.0,-0.07712803253400645,-2680000000.0,1,-0.2810896087629209
2024-09-30,5190000000.0,4815000000.0,96699000000.0,1496000000.0,46818000000.0,13041000000.0,3643000000.0,2059000000.0,3504000000.0,5763000000.0,0.0,46818000000.0,0.15788666513304195,5763000000.0,0.021292877899461216,-1496000000.0,0,0.28425112979492295
2024-09-30,94154000.0,3748255000.0,36355435000.0,118148000.0,16446140000.0,5975801000.0,2249685000.0,283754000.0,515071000.0,684763000.0,0.0,16446140000.0,0.047483843588499684,684763000.0,0.007804995319131789,-118148000.0,0,0.2220518307682564
2024-09-30,495700000.0,517900000.0,6800000000.0,1127900000.0,4357700000.0,1726000000.0,1155700000.0,147900000.0,199500000.0,97200000.0,0.0,4357700000.0,0.08568945538818076,97200000.0,0.02175,-1127900000.0,1,0.38108970584356966
2024-09-30,1614000000.0,817000000.0,43255000000.0,288000000.0,29470000000.0,3051000000.0,1213000000.0,1099000000.0,1630000000.0,1226000000.0,0.0,29470000000.0,0.3602097672894133,1226000000.0,0.025407467344815627,-288000000.0,1,0.23046121834887662
2024-09-30,937000000.0,2082000000.0,99820000000.0,1717000000.0,72289000000.0,3941000000.0,2073000000.0,954000000.0,1340000000.0,1539000000.0,0.0,72289000000.0,0.24207054047196144,1539000000.0,0.009557202965337607,-1717000000.0,0,0.0971608895975607
2024-09-30,7705000000.0,18902000000.0,86273000000.0,17312000000.0,66870000000.0,16106000000.0,5704000000.0,2464000000.0,3223000000.0,3569000000.0,0.0,66870000000.0,0.15298646467155097,3569000000.0,0.028560499808746653,-17312000000.0,0,0.34995305599172505
2024-09-30,3498460000.0,684026000.0,12468184000.0,4042200000.0,9870504000.0,2147991000.0,907898000.0,-6014000.0,2796000.0,70122000.0,0.0,9870504000.0,-0.0027998255113731853,70122000.0,-0.000482347709979256,-4042200000.0,0,0.17234251592356237
2024-09-30,20037000000.0,19591000000.0,259232000000.0,9725000000.0,102202000000.0,48926000000.0,14262000000.0,4487000000.0,6653000000.0,9674000000.0,0.0,102202000000.0,0.09170992928095491,9674000000.0,0.01730881989877793,-9725000000.0,0,0.29765885384644597
2024-09-30,3511000000.0,4239000000.0,66892000000.0,9355000000.0,74605000000.0,9911000000.0,6545000000.0,3082000000.0,3639000000.0,3342000000.0,0.0,74605000000.0,0.3109676117445263,3342000000.0,0.04607426897087843,-9355000000.0,0,0.39219189139714716
2024-09-30,11074000000.0,3121000000.0,193542000000.0,12062000000.0,88678000000.0,13284000000.0,1997000000.0,-16639000000.0,-8838000000.0,4054000000.0,0.0,88678000000.0,-1.252559470039145,4054000000.0,-0.08597100370978909,-12062000000.0,0,-0.2024160130611985
2024-09-30,68960000000.0,33410000000.0,364980000000.0,7286000000.0,308030000000.0,94930000000.0,43879000000.0,14736000000.0,29591000000.0,26811000000.0,0.0,308030000000.0,0.15523016959865163,26811000000.0,0.04037481505835936,-7286000000.0,0,0.584170913473371
2024-09-30,920000000.0,939000000.0,40472000000.0,517000000.0,26380000000.0,2066000000.0,840000000.0,214000000.0,460000000.0,781000000.0,0.0,26380000000.0,0.10358180058083252,781000000.0,0.005287606246293734,-517000000.0,1,0.09595769914312402
2024-09-30,3221000000.0,2141000000.0,55520000000.0,3234000000.0,48320000000.0,17104000000.0,2117000000.0,1623000000.0,2174000000.0,2438000000.0,0.0,48320000000.0,0.09489008419083256,2438000000.0,0.02923270893371758,-3234000000.0,0,0.4782132564749533
2024-09-30,5097202000000.0,14508406000000.0,89169296000000.0,4505280000000.0,53902633000000.0,11444570000000.0,2438490000000.0,573766000000.0,896996000000.0,1133516000000.0,0.0,53902633000000.0,0.05013434318633203,1133516000000.0,0.006434569136892143,-4505280000000.0,0,0.17055118613922657
2024-09-30,31935000000.0,9068000000.0,393719000000.0,2529000000.0,275459000000.0,30213000000.0,18583000000.0,-174000000.0,3105000000.0,10235000000.0,0.0,275459000000.0,-0.005759110316751068,10235000000.0,-0.00044193955587614516,-2529000000.0,0,0.10214366083338013
2024-09-30,5858000000.0,8936000000.0,126698000000.0,9718000000.0,107595000000.0,9842000000.0,3616000000.0,1852000000.0,2144000000.0,1508000000.0,0.0,107595000000.0,0.1881731355415566,1508000000.0,0.014617436739332901,-9718000000.0,0,0.1539882239617557
2024-09-30,3953000000.0,4677000000.0,183566000000.0,4338000000.0,133317000000.0,8154000000.0,4031000000.0,1281000000.0,2325000000.0,3524000000.0,0.0,133317000000.0,0.1571008094186902,3524000000.0,0.0069784164823551206,-4338000000.0,1,0.0959867295666199
2024-09-30,12267000000.0,2894000000.0,137695000000.0,83341000000.0,161257000000.0,17840000000.0,-3507000000.0,-6170000000.0,-5496000000.0,-1345000000.0,0.0,161257000000.0,-0.34585201793721976,-1345000000.0,-0.044809179708776646,-83341000000.0,1,-0.06488834017711365
2024-09-30,6640000000.0,7884000000.0,73492000000.0,6338000000.0,55511000000.0,9728000000.0,3749000000.0,1413000000.0,2121000000.0,1997000000.0,0.0,55511000000.0,0.14525082236842105,1997000000.0,0.019226582485168453,-6338000000.0,0,0.2545243019593201
2024-09-30,27424000000.0,65809000000.0,287047000000.0,18025000000.0,242708000000.0,46196000000.0,3336000000.0,892000000.0,1142000000.0,5502000000.0,0.0,242708000000.0,0.01930903108494242,5502000000.0,0.0031075050427281942,-18025000000.0,1,0.17841468470149352
2024-09-30,11834000000.0,10097000000.0,164822000000.0,13465000000.0,101963000000.0,20089000000.0,4034000000.0,1472000000.0,2454000000.0,2523000000.0,0.0,101963000000.0,0.07327393100701876,2523000000.0,0.008930846610282608,-13465000000.0,0,0.1835191903979438
2024-09-30,221301000.0,93202000.0,9011670000.0,49848000.0,5397772000.0,2793576000.0,712181000.0,387388000.0,501218000.0,446494000.0,0.0,5397772000.0,0.13867100805562477,446494000.0,0.04298737082028081,-49848000.0,0,0.5537196324101648
2024-09-30,3274000000.0,5390000000.0,134339000000.0,1367000000.0,109809000000.0,14967000000.0,8420000000.0,-330000000.0,-373000000.0,2881000000.0,0.0,109809000000.0,-0.0220485067147725,2881000000.0,-0.002456472059491287,-1367000000.0,0,0.09881047201135956
2024-09-30,2530000000.0,7241000000.0,69636000000.0,5374000000.0,12651000000.0,6819000000.0,3419000000.0,771000000.0,760000000.0,628000000.0,0.0,12651000000.0,0.11306643202815662,628000000.0,0.011071859383077719,-5374000000.0,1,0.14943994488630352
2024-09-30,15350000000.0,6314000000.0,126482000000.0,7287000000.0,74342000000.0,21737000000.0,11316000000.0,3959000000.0,5378000000.0,4302000000.0,0.0,74342000000.0,0.18213184892119427,4302000000.0,0.031300896570262964,-7287000000.0,1,0.3559953194906849
2024-09-30,1301000000.0,1028000000.0,43069000000.0,415000000.0,30133000000.0,3619000000.0,1355000000.0,894000000.0,1390000000.0,1686000000.0,0.0,30133000000.0,0.24702956617850236,1686000000.0,0.020757389305532982,-415000000.0,1,0.21959181777281983
2024-09-30,60518000000.0,41505000000.0,461916000000.0,23875000000.0,185516000000.0,87792000000.0,20392000000.0,8610000000.0,13233000000.0,17569000000.0,0.0,185516000000.0,0.09807271733187534,17569000000.0,0.018639752682305874,-23875000000.0,0,0.31069480165288477
2024-09-30,3950000000.0,2327000000.0,143956000000.0,3385000000.0,107051000000.0,7274000000.0,3953000000.0,1535000000.0,2604000000.0,3616000000.0,0.0,107051000000.0,0.2110255705251581,3616000000.0,0.010662980355108506,-3385000000.0,0,0.12515074050131184
2024-09-30,4884000000.0,3553000000.0,186013000000.0,2258000000.0,126475000000.0,7567000000.0,4869000000.0,1852000000.0,3413000000.0,4269000000.0,0.0,126475000000.0,0.24474692744813004,4269000000.0,0.009956293377344595,-2258000000.0,0,0.11516775709053909
2024-09-30,1595500000.0,1213800000.0,31339300000.0,1777300000.0,38780900000.0,9073900000.0,2381700000.0,909200000.0,1333700000.0,1535600000.0,0.0,38780900000.0,0.10019947321438412,1535600000.0,0.02901149674689607,-1777300000.0,0,0.4705909193659356
2024-09-30,944000000.0,2460000000.0,56172000000.0,54000000.0,61349000000.0,6874000000.0,3876000000.0,2255000000.0,3224000000.0,2736000000.0,0.0,61349000000.0,0.32804771603142274,2736000000.0,0.040144556006551306,-54000000.0,1,0.3679804884880255
2024-09-30,29629000000.0,58235000000.0,289289000000.0,17325000000.0,215127000000.0,48756000000.0,6396000000.0,3056000000.0,3923000000.0,6861000000.0,0.0,215127000000.0,0.06267946509147593,6861000000.0,0.010563830633034786,-17325000000.0,0,0.22807745887194758
2024-09-30,1625000000.0,1712000000.0,16774000000.0,2041000000.0,15938000000.0,5033000000.0,3074000000.0,737000000.0,1065000000.0,1167000000.0,0.0,15938000000.0,0.14643353864494338,1167000000.0,0.04393704542744724,-2041000000.0,0,0.5710802431996824
2024-09-30,10346000000.0,8260000000.0,49775000000.0,4573000000.0,27047000000.0,9159000000.0,1922000000.0,1186000000.0,1643000000.0,2449000000.0,0.0,27047000000.0,0.1294901190086254,2449000000.0,0.02382722250125565,-4573000000.0,0,0.32629432445814543
2024-09-30,3586000000.0,11381000000.0,117532000000.0,6244000000.0,72972000000.0,16657000000.0,12577000000.0,3157000000.0,4420000000.0,9291000000.0,0.0,72972000000.0,0.18952992735786756,9291000000.0,0.026860769832896574,-6244000000.0,1,0.3034305550808834
2024-09-30,8954000000.0,16174000000.0,178287000000.0,12603000000.0,108129000000.0,22471000000.0,15508000000.0,2694000000.0,3531000000.0,7993000000.0,0.0,108129000000.0,0.11988785545814605,7993000000.0,0.015110467953356105,-12603000000.0,1,0.21254998962229046
2024-09-30,327038000.0,729911000.0,4303416000.0,191213000.0,1842906000.0,1062203000.0,480075000.0,-9030000.0,-35763000.0,68664000.0,0.0,1842906000.0,-0.008501199864809269,68664000.0,-0.0020983330451901467,-191213000.0,0,0.21646596568890272
2024-09-30,1410382000000.0,3530536000000.0,29273879000000.0,2466403000000.0,16601323000000.0,5392755000000.0,1149866000000.0,100023000000.0,195256000000.0,149954000000.0,0.0,16601323000000.0,0.018547662558376934,149954000000.0,0.003416800349553949,-2466403000000.0,0,0.211011735069338
2024-09-30,14654000000.0,3313000000.0,119852000000.0,14530000000.0,49142000000.0,25182000000.0,4997000000.0,2167000000.0,2876000000.0,6255000000.0,0.0,49142000000.0,0.08605353029942021,6255000000.0,0.018080632780429196,-14530000000.0,0,0.3146096852807073
2024-09-30,14796000000.0,10341000000.0,196219000000.0,2022000000.0,90697000000.0,22574000000.0,8344000000.0,460000000.0,1480000000.0,5518000000.0,0.0,90697000000.0,0.020377425356604945,5518000000.0,0.0023443193574526422,-2022000000.0,0,0.14321752735513926
2024-09-30,1596000000.0,3507000000.0,80615000000.0,2678000000.0,29310000000.0,5798000000.0,3401000000.0,818000000.0,1064000000.0,1513000000.0,0.0,29310000000.0,0.14108313211452225,1513000000.0,0.010146994976121069,-2678000000.0,0,0.12968306147057315
2024-09-30,23820000000.0,4233000000.0,106266000000.0,4714000000.0,78112000000.0,11854000000.0,7190000000.0,2848000000.0,3805000000.0,-1259000000.0,0.0,78112000000.0,0.2402564535177999,-1259000000.0,0.02680067001675042,-4714000000.0,0,0.2672322285549118
2024-09-30,2606000000.0,8255000000.0,100364000000.0,5430000000.0,51265000000.0,10598000000.0,4328000000.0,1630000000.0,2098000000.0,2166000000.0,0.0,51265000000.0,0.15380260426495565,2166000000.0,0.016240883185205852,-5430000000.0,0,0.1973157705947815
2024-09-30,2589000000.0,2951000000.0,19605000000.0,4524000000.0,14062000000.0,6438000000.0,3301000000.0,443000000.0,626000000.0,956000000.0,0.0,14062000000.0,0.06881018949984467,956000000.0,0.022596276460086714,-4524000000.0,0,0.46539148174631517
2024-09-30,2648000000.0,2545000000.0,106070000000.0,855000000.0,79448000000.0,6154000000.0,2496000000.0,707000000.0,1253000000.0,1689000000.0,0.0,79448000000.0,0.1148846278843029,1689000000.0,0.006665409635146602,-855000000.0,0,0.10633261053644813
2024-09-30,22768000000.0,44148000000.0,523013000000.0,1626000000.0,235290000000.0,65585000000.0,45486000000.0,24667000000.0,30851000000.0,34180000000.0,0.0,235290000000.0,0.37610734161774795,34180000000.0,0.047163263628246334,-1626000000.0,0,0.386084284712108
2024-10-31,62863000000.0,10039000000.0,263399000000.0,63302000000.0,168934000000.0,169588000000.0,42248000000.0,4577000000.0,6716000000.0,6561000000.0,0.0,168934000000.0,0.026988937896549284,6561000000.0,0.017376679486254692,-63302000000.0,0,0.7523134104523386
2024-10-31,5617000000.0,599000000.0,32436000000.0,8371000000.0,24263000000.0,14063000000.0,4441000000.0,1297000000.0,1756000000.0,1046000000.0,0.0,24263000000.0,0.09222783189931025,1046000000.0,0.03998643482550253,-8371000000.0,1,0.6681958317795693
2024-10-31,5353000000.0,17693000000.0,96013000000.0,7654000000.0,30114000000.0,35082000000.0,26156000000.0,19309000000.0,22377000000.0,17627000000.0,0.0,30114000000.0,0.550396214582977,17627000000.0,0.2011081832668493,-7654000000.0,0,1.4160447022873255
2024-10-31,1662000000.0,4416000000.0,165645000000.0,1760000000.0,97967000000.0,14054000000.0,9002000000.0,4324000000.0,4679000000.0,5604000000.0,0.0,97967000000.0,0.3076704141169774,5604000000.0,0.026104017628060007,-1760000000.0,1,0.2146053306759304
2024-10-31,13506000000.0,5238000000.0,97264000000.0,23897000000.0,91478000000.0,40217000000.0,13425000000.0,3648000000.0,5448000000.0,4233000000.0,0.0,91478000000.0,0.09070790959047169,4233000000.0,0.0375061687777595,-23897000000.0,1,0.6508327849917539
2024-11-30,3255000000.0,5302000000.0,37959000000.0,7981000000.0,23922000000.0,12354000000.0,5389000000.0,1163000000.0,1384000000.0,1049000000.0,0.0,23922000000.0,0.09413954994333819,1049000000.0,0.030638320292947652,-7981000000.0,0,0.4886693537699115
2024-11-30,7498696000.0,533485000.0,17465762000.0,6274070000.0,22138683000.0,4279641000.0,2268057000.0,564933000.0,841149000.0,811803000.0,0.0,22138683000.0,0.13200476395099495,811803000.0,0.032345167648568665,-6274070000.0,1,0.44924114386039127
2024-11-30,3896000000.0,10737000000.0,85481000000.0,620000000.0,59021000000.0,21967000000.0,4579000000.0,741000000.0,1378000000.0,1318000000.0,0.0,59021000000.0,0.03373241680702872,1318000000.0,0.00866859302067126,-620000000.0,0,0.3223149003833482
2024-11-30,21793000000.0,2963000000.0,73386000000.0,20979000000.0,48935000000.0,62151000000.0,8042000000.0,1798000000.0,2343000000.0,3260000000.0,0.0,48935000000.0,0.028929542565686795,3260000000.0,0.02450058594282288,-20979000000.0,0,0.9865655574591856
